angelababy,
阿云嘎,
安崎,
安悦溪,
敖子逸,
白敬亭,
毕雯B,
蔡程昱,
蔡徐坤,
曾可妮,
陈飞宇,
陈立农,
陈乔恩,
陈松伶,
陈伟霆,
陈星旭,
陈学冬,
陈妍希,
陈瑶,
陈意涵,
陈钰琪,
陈哲远,
陈卓璇,
程潇,
戴萌,
戴燕妮,
邓超元,
邓伦,
邓紫棋,
迪丽热巴,
丁程鑫,
丁禹兮,
丁泽仁,
董思成,
董岩磊,
董又霖,
段奥娟,
范丞丞,
费启鸣,
傅菁,
龚俊,
关晓彤,
管栎,
郭丞,
郭俊辰,
郭麒麟,
何昶希,
何洛洛,
贺峻霖,
胡春杨,
胡先煦,
胡一天,
华晨宇,
黄景瑜,
黄明昊,
黄子韬,
姜贞羽,
蒋申,
金晨,
金瀚,
金子涵,
井柏然,
鞠婧t,
孔雪儿,
昆凌,
赖冠霖,
赖美云,
李泊文,
李沁,
李斯丹妮,
李天泽,
李汶翰,
李希侃,
李现,
李一桐,
李易峰,
李子璇,
李紫婷,
林凡,
林陌,
林彦俊,
林一,
灵超,
刘昊然,
刘令姿,
刘些宁,
刘耀文,
刘也,
刘宇宁,
刘雨昕,
陆柯燃,
鹿晗,
罗云熙,
马伯骞,
马嘉祺,
毛不易,
孟美岐,
孟子坤,
莫寒,
木子洋,
乃万,
牛超,
欧阳娜娜,
潘粤明,
彭于晏,
彭昱畅,
钱正昊,
秦奋,
秦昊,
秦岚,
秦霄贤,
邱泽,
任豪,
任嘉伦,
任敏,
阮经天,
沈月,
施展,
宋继扬,
宋茜,
宋威龙,
宋亚轩,
宋妍霏,
宋祖儿,
谭松韵,
田书臣,
佟梦实,
万茜,
汪东城,
王安宇,
王晨艺,
王大陆,
王鹤棣,
王嘉尔,
王俊凯,
王琳凯,
王一博,
王艺瑾,
王源,
王子,
王子异,
魏大勋,
吴磊,
吴倩,
吴青峰,
吴宣仪,
吴亦凡,
吴映洁,
希林娜依高,
夏瀚宇,
夏之光,
肖战,
谢可寅,
邢昭林,
熊梓淇,
徐梦洁,
徐明浩,
徐艺洋,
许光汉,
许佳琪,
许凯,
许魏洲,
许馨文,
焉栩嘉,
严浩翔,
炎亚纶,
杨超越,
杨幂,
杨桐,
杨洋,
杨紫,
姚琛,
姚弛,
姚景元,
姚明明,
伊能静,
易烊千玺,
尹正,
尤长靖,
于朦胧,
余承恩,
虞书欣,
喻言,
岳岳,
翟潇闻,
张翰,
张杰,
张钧甯,
张若昀,
张新成,
张雪迎,
张颜齐,
张一山,
张艺凡,
张艺兴,
张云雷,
张真源,
张子枫,
赵今麦,
赵磊,
赵丽颖,
赵露思,
赵品霖,
赵让,
赵小棠,
赵粤,
郑乃馨,
郑爽,
郑希怡,
郑元畅,
郑云龙,
钟丽缇,
周冬雨,
周洁琼,
周锐,
周深,
周震南,
朱婧汐,
朱星杰,
朱一龙,
朱正廷,
祝绪丹,
紫宁,
